[
  {
    "id": 1,
    "jobTitle": "Software Engineer",
    "companyName": "Linear company",
    "companyLogo": "/img/Linear.png",
    "Requirements": "Required: Html, Css, PHP",
    "minPrice": "20",
    "maxPrice": "30",
    "salaryType": "Yearly",
    "jobLocation": "Brussels",
    "postingDate": "2023-11-03",
    "experienceLevel": "Any experience",
    "employmentType": "Full-time",
    "description": "Mollit in laborum tempor Lorem incididunt irure. Aute eu ex ad sunt. Pariatur sint culpa do incididunt eiusmod eiusmod culpa. laborum tempor Lorem incididunt."
  },
  {
    "id": 2,
    "companyName": "Notion",
    "jobTitle": "Web Developer",
    "companyLogo": "/img/Notion.png",
    "Requirements": "Required: Html, Css, PHP",
    "minPrice": "40",
    "maxPrice": "50",
    "salaryType": "Yearly",
    "jobLocation": "San Francisco",
    "postingDate": "2023-11-02",
    "experienceLevel": "Internship",
    "employmentType": "Temporary",
    "description": "Mollit in laborum tempor Lorem incididunt irure. Aute eu ex ad sunt. Pariatur sint culpa do incididunt eiusmod eiusmod culpa. laborum tempor Lorem incididunt."
  },
  {
    "id": 3,
    "companyName": "Spline studio",
    "jobTitle": "Data Scientist",
    "companyLogo": "/img/Spline.png",
    "Requirements": "Required: Html, Css, PHP",
    "minPrice": "40",
    "maxPrice": "50",
    "salaryType": "Yearly",
    "jobLocation": "Seattle",
    "postingDate": "2023-10-28",
    "experienceLevel": "Any experience",
    "employmentType": "Full-time", 
    "description": "Mollit in laborum tempor Lorem incididunt irure. Aute eu ex ad sunt. Pariatur sint culpa do incididunt eiusmod eiusmod culpa. laborum tempor Lorem incididunt."
  },
  {
    "id": 4,
    "companyName": "Raycast corp",
    "jobTitle": "UI/UX Designer",
    "companyLogo": "/img/Raycast.png",
    "Requirements": "Required: Html, Css, PHP",
    "minPrice": "40",
    "maxPrice": "50",
    "salaryType": "Monthly",
    "jobLocation": "London",
    "postingDate": "2023-10-05",
    "experienceLevel": "Work remotely",
    "employmentType": "Part-time",
    "description": "Mollit in laborum tempor Lorem incididunt irure. Aute eu ex ad sunt. Pariatur sint culpa do incididunt eiusmod eiusmod culpa. laborum tempor Lorem incididunt."
  },
  {
    "id": 5,
    "companyName": "Loom",
    "jobTitle": "Frontend Developer",
    "companyLogo": "/img/Loom.png",
    "Requirements": "Required: Html, Css, PHP",
    "minPrice": "50",
    "maxPrice": "75",
    "salaryType": "Yearly",
    "jobLocation": "London",
    "postingDate": "2023-10-28",
    "experienceLevel": "Intership",
    "employmentType": "Full-time",
    "description": "Mollit in laborum tempor Lorem incididunt irure. Aute eu ex ad sunt. Pariatur sint culpa do incididunt eiusmod eiusmod culpa. laborum tempor Lorem incididunt."
  },
  {
    "id": 6,
    "companyName": "Trainline group",
    "jobTitle": "DevOps Engineer",
    "companyLogo": "/img/Trainline.png",
    "Requirements": "Required: Html, Css, PHP",
    "minPrice": "80",
    "maxPrice": "120",
    "salaryType": "Yearly",
    "jobLocation": "Boston",
    "postingDate": "2023-10-05",
    "experienceLevel": "Intership",
    "employmentType": "Temporary",
    "description": "Mollit in laborum tempor Lorem incididunt irure. Aute eu ex ad sunt. Pariatur sint culpa do incididunt eiusmod eiusmod culpa. laborum tempor Lorem incididunt."
  },
  {
    "id": 7,
    "companyName": "asdAsdas",
    "jobTitle": "Software Engineer",
    "companyLogo": "/img/Linear.png",
    "Requirements": "Required: Html, Css, PHP",
    "minPrice": "30",
    "maxPrice": "80",
    "salaryType": "Yearly",
    "jobLocation": "Brussels",
    "postingDate": "2023-11-05",
    "experienceLevel": "Any experience",
    "employmentType": "Full-time",
    "description": "Mollit in laborum tempor Lorem incididunt irure. Aute eu ex ad sunt. Pariatur sint culpa do incididunt eiusmod eiusmod culpa. laborum tempor Lorem incididunt."
  },
  {
    "id": 8,
    "companyName": "sdfcbcvbsdfsdfs",
    "jobTitle": "Web Developer",
    "companyLogo": "/img/Notion.png",
    "Requirements": "Required: Html, Css, PHP",
    "minPrice": "40",
    "maxPrice": "50",
    "salaryType": "Yearly",
    "jobLocation": "San Francisco",
    "postingDate": "2023-10-28",
    "experienceLevel": "Internship",
    "employmentType": "Temporary",
    "description": "Mollit in laborum tempor Lorem incididunt irure. Aute eu ex ad sunt. Pariatur sint culpa do incididunt eiusmod eiusmod culpa. laborum tempor Lorem incididunt."
  },
  {
    "id": 9,
    "companyName": "cvbc vbcvb",
    "jobTitle": "Data Scientist",
    "companyLogo": "/img/Spline.png",
    "Requirements": "Required: Html, Css, PHP",
    "minPrice": "40",
    "maxPrice": "50",
    "salaryType": "Yearly",
    "jobLocation": "Seattle",
    "postingDate": "2023-10-28",
    "experienceLevel": "Any experience",
    "employmentType": "Full-time", 
    "description": "Mollit in laborum tempor Lorem incididunt irure. Aute eu ex ad sunt. Pariatur sint culpa do incididunt eiusmod eiusmod culpa. laborum tempor Lorem incididunt."
  },
  {
    "id": 10,
    "companyName": "32egsdgsdfvbsdf",
    "jobTitle": "UI/UX Designer",
    "companyLogo": "/img/Raycast.png",
    "Requirements": "Required: Html, Css, PHP",
    "minPrice": "40",
    "maxPrice": "50",
    "salaryType": "Monthly",
    "jobLocation": "London",
    "postingDate": "2023-10-05",
    "experienceLevel": "Work remotely",
    "employmentType": "Part-time",
    "description": "Mollit in laborum tempor Lorem incididunt irure. Aute eu ex ad sunt. Pariatur sint culpa do incididunt eiusmod eiusmod culpa. laborum tempor Lorem incididunt."
  },
  {
    "id": 11,
    "companyName": "sdfsvbc xb",
    "jobTitle": "Frontend Developer",
    "companyLogo": "/img/Loom.png",
    "Requirements": "Required: Html, Css, PHP",
    "minPrice": "50",
    "maxPrice": "75",
    "salaryType": "Yearly",
    "jobLocation": "London",
    "postingDate": "2023-10-28",
    "experienceLevel": "Intership",
    "employmentType": "Full-time",
    "description": "Mollit in laborum tempor Lorem incididunt irure. Aute eu ex ad sunt. Pariatur sint culpa do incididunt eiusmod eiusmod culpa. laborum tempor Lorem incididunt."
  },
  {
    "id": 12,
    "companyName": "sdfsdfwehnghn",
    "jobTitle": "DevOps Engineer",
    "companyLogo": "/img/Trainline.png",
    "Requirements": "Required: Html, Css, PHP",
    "minPrice": "80",
    "maxPrice": "120",
    "salaryType": "Yearly",
    "jobLocation": "Boston",
    "postingDate": "2022-10-05",
    "experienceLevel": "Intership",
    "employmentType": "Temporary",
    "description": "Mollit in laborum tempor Lorem incididunt irure. Aute eu ex ad sunt. Pariatur sint culpa do incididunt eiusmod eiusmod culpa. laborum tempor Lorem incididunt."
  }
]
